lionel,Lionel Messi
lionel,Lionel Messi
messi,Lionel Messi
wallpaper,Lionel Messi
wallpapers,Lionel Messi
high,Lionel Messi
quality,Lionel Messi
lionel,Lionel Messi
lionel,Lionel Messi
Lionel,Lionel Messi
Messi,Lionel Messi
Harus,Lionel Messi
Dilarang,Lionel Messi
Karena,Lionel Messi
Bukan,Lionel Messi
Manusia,Lionel Messi
MésQueUnClub,Lionel Messi
ViscaBarca,Lionel Messi
FCB,Lionel Messi
Messi,Lionel Messi
Lionel,Lionel Messi
LeoMessi,Lionel Messi
Messi10,Lionel Messi
robert,Lionel Messi
bayern,Lionel Messi
lionel,Lionel Messi
lionel,Lionel Messi
lionel,Lionel Messi
lionel,Lionel Messi
GironaFC,Lionel Messi
LaLiga,Lionel Messi
lionel,Lionel Messi
FCBarcelona,Lionel Messi
LaLiga,Lionel Messi
lionel,Lionel Messi
lionel,Lionel Messi
lionel,Lionel Messi
Lionel,Lionel Messi
Messi,Lionel Messi
LaLiga,Lionel Messi
tarih,Lionel Messi
MésQueUnClub,Lionel Messi
ViscaBarca,Lionel Messi
FCB,Lionel Messi
Messi,Lionel Messi
Lionel,Lionel Messi
LeoMessi,Lionel Messi
Messi10,Lionel Messi
FCBarcelona,Lionel Messi
LaLiga,Lionel Messi
lionel,Lionel Messi
Lionel,Lionel Messi
Lionel,Lionel Messi
G,Lionel Messi
Lionel,Lionel Messi
Lionel,Lionel Messi
Lionel,Lionel Messi
BarcaGirona,Lionel Messi
LaLiga,Lionel Messi
Messi,Lionel Messi
Lionel,Lionel Messi
Messi,Lionel Messi
Lionel,Lionel Messi
Messi,Lionel Messi
realmadrid,Lionel Messi
LaLiga,Lionel Messi
ADONBILIVIT,Lionel Messi
Lionel,Lionel Messi
Messi,Lionel Messi
ADONBILIVIT,Lionel Messi
Lionel,Lionel Messi
Messi,Lionel Messi
D10S,Lionel Messi
Lionel,Lionel Messi
Lionel,Lionel Messi
Lionel,Lionel Messi
Lionel,Lionel Messi
LionelMessi,Lionel Messi
messi,Lionel Messi
BarcelonaSC,Lionel Messi
messi,Lionel Messi
D10S,Lionel Messi
LionelMessi,Lionel Messi
Barca,Lionel Messi
lionel,Lionel Messi
Lionel,Lionel Messi
Lionel,Lionel Messi
Messi,Lionel Messi
Lionel,Lionel Messi
Lionel,Lionel Messi
Messi,Lionel Messi
Lionel,Lionel Messi
Messi,Lionel Messi
Girona,Lionel Messi
Lionel,Lionel Messi
BarçaGirona,Lionel Messi
Messi,Lionel Messi
ForcaBarca,Lionel Messi
Barca,Lionel Messi
Barcelona,Lionel Messi
LaLiga,Lionel Messi
LaLigaSantander,Lionel Messi
Girona,Lionel Messi
Lionel,Lionel Messi
BarçaGirona,Lionel Messi
Messi,Lionel Messi
ForcaBarca,Lionel Messi
Barca,Lionel Messi
Barcelona,Lionel Messi
LaLiga,Lionel Messi
LaLigaSantander,Lionel Messi
Lionel,Lionel Messi
Messi,Lionel Messi
Girona,Lionel Messi
Lionel,Lionel Messi
BarçaGirona,Lionel Messi
Messi,Lionel Messi
ForcaBarca,Lionel Messi
Barca,Lionel Messi
Barcelona,Lionel Messi
LaLiga,Lionel Messi
LaLigaSantander,Lionel Messi
Girona,Lionel Messi
Lionel,Lionel Messi
BarçaGirona,Lionel Messi
Messi,Lionel Messi
ForcaBarca,Lionel Messi
Barca,Lionel Messi
Barcelona,Lionel Messi
LaLiga,Lionel Messi
LaLigaSantander,Lionel Messi
Girona,Lionel Messi
Lionel,Lionel Messi
BarçaGirona,Lionel Messi
Messi,Lionel Messi
ForcaBarca,Lionel Messi
Barca,Lionel Messi
Barcelona,Lionel Messi
LaLiga,Lionel Messi
LaLigaSantander,Lionel Messi
Girona,Lionel Messi
Lionel,Lionel Messi
BarçaGirona,Lionel Messi
Messi,Lionel Messi
ForcaBarca,Lionel Messi
Barca,Lionel Messi
Barcelona,Lionel Messi
LaLiga,Lionel Messi
LaLigaSantander,Lionel Messi
Girona,Lionel Messi
Lionel,Lionel Messi
BarçaGirona,Lionel Messi
Messi,Lionel Messi
ForcaBarca,Lionel Messi
Barca,Lionel Messi
Barcelona,Lionel Messi
LaLiga,Lionel Messi
LaLigaSantander,Lionel Messi
Girona,Lionel Messi
Lionel,Lionel Messi
BarçaGirona,Lionel Messi
Messi,Lionel Messi
ForcaBarca,Lionel Messi
Barca,Lionel Messi
Barcelona,Lionel Messi
LaLiga,Lionel Messi
Messi,Lionel Messi
Girona,Lionel Messi
Leo,Lionel Messi
D10S,Lionel Messi
lionel,Lionel Messi
lionel,Lionel Messi
lionel,Lionel Messi
Lionel,Lionel Messi
Messi,Lionel Messi
Iago,Lionel Messi
Aspas,Lionel Messi
lionel,Lionel Messi
lionel,Lionel Messi
León,Cristiano Ronaldo
Cristiano,Cristiano Ronaldo
León,Cristiano Ronaldo
Cristiano,Cristiano Ronaldo
Cristiano,Cristiano Ronaldo
CASAREAL,Cristiano Ronaldo
Cristiano,Cristiano Ronaldo
CASAREAL,Cristiano Ronaldo
Cristiano,Cristiano Ronaldo
CASAREAL,Cristiano Ronaldo
Cristiano,Cristiano Ronaldo
Messi,Cristiano Ronaldo
CR7,Cristiano Ronaldo
Cristiano,Cristiano Ronaldo
Real,Cristiano Ronaldo
Cristiano,Cristiano Ronaldo
Espanyol,Cristiano Ronaldo
Football,Cristiano Ronaldo
Ronaldo,Cristiano Ronaldo
cr7,Cristiano Ronaldo
cristianoronaldo,Cristiano Ronaldo
cristiano,Cristiano Ronaldo
realmadrid,Cristiano Ronaldo
Ronaldo,Cristiano Ronaldo
cr7,Cristiano Ronaldo
cristianoronaldo,Cristiano Ronaldo
cristiano,Cristiano Ronaldo
realmadrid,Cristiano Ronaldo
Ronaldo,Cristiano Ronaldo
cr7,Cristiano Ronaldo
cristianoronaldo,Cristiano Ronaldo
cristiano,Cristiano Ronaldo
realmadrid,Cristiano Ronaldo
CR7,Cristiano Ronaldo
RedVelvet,Cristiano Ronaldo
Challenge32,Cristiano Ronaldo
RealMadrid,Cristiano Ronaldo
atleticomadrid,Cristiano Ronaldo
Cristiano,Cristiano Ronaldo
Zidane,Cristiano Ronaldo
Big_Fan_Of,Cristiano Ronaldo
Cristiano,Cristiano Ronaldo
Big_Fan_Of,Cristiano Ronaldo
Cristiano,Cristiano Ronaldo
CR7,Cristiano Ronaldo
CR7,Cristiano Ronaldo
RedVelvet,Cristiano Ronaldo
Challenge32,Cristiano Ronaldo
RealMadrid,Cristiano Ronaldo
atleticomadrid,Cristiano Ronaldo
Cristiano,Cristiano Ronaldo
Zidane,Cristiano Ronaldo
CR7,Cristiano Ronaldo
RedVelvet,Cristiano Ronaldo
Challenge32,Cristiano Ronaldo
RealMadrid,Cristiano Ronaldo
atleticomadrid,Cristiano Ronaldo
Cristiano,Cristiano Ronaldo
Zidane,Cristiano Ronaldo
CR7,Cristiano Ronaldo
RedVelvet,Cristiano Ronaldo
Challenge32,Cristiano Ronaldo
RealMadrid,Cristiano Ronaldo
atleticomadrid,Cristiano Ronaldo
Cristiano,Cristiano Ronaldo
Zidane,Cristiano Ronaldo
cristianoronaldo,Cristiano Ronaldo
cristianoronaldo7,Cristiano Ronaldo
messi,Cristiano Ronaldo
cristiano,Cristiano Ronaldo
ronaldo,Cristiano Ronaldo
realmadrid,Cristiano Ronaldo
Forca,Cristiano Ronaldo
Barca,Cristiano Ronaldo
cristianoronaldo,Cristiano Ronaldo
cristianoronaldo7,Cristiano Ronaldo
messi,Cristiano Ronaldo
cristiano,Cristiano Ronaldo
ronaldo,Cristiano Ronaldo
madrid,Cristiano Ronaldo
realmadrid,Cristiano Ronaldo
Forca,Cristiano Ronaldo
cristianoronaldo,Cristiano Ronaldo
cristianoronaldo7,Cristiano Ronaldo
messi,Cristiano Ronaldo
cristiano,Cristiano Ronaldo
ronaldo,Cristiano Ronaldo
madrid,Cristiano Ronaldo
realmadrid,Cristiano Ronaldo
Forca,Cristiano Ronaldo
Barca,Cristiano Ronaldo
cristiano,Cristiano Ronaldo
Cristiano,Cristiano Ronaldo
Ronaldo,Cristiano Ronaldo
Messi,Cristiano Ronaldo
Parla,Cristiano Ronaldo
Cristiano,Cristiano Ronaldo
Ronaldo,Cristiano Ronaldo
Messi,Cristiano Ronaldo
Parla,Cristiano Ronaldo
cr7,Cristiano Ronaldo
cristiano,Cristiano Ronaldo
birthday,Cristiano Ronaldo
cr7,Cristiano Ronaldo
cristiano,Cristiano Ronaldo
birthday,Cristiano Ronaldo
cristianoronaldo,Cristiano Ronaldo
cristiano,Cristiano Ronaldo
cristianoronaldo,Cristiano Ronaldo
cristiano,Cristiano Ronaldo
Real,Cristiano Ronaldo
Cristiano,Cristiano Ronaldo
Espanyol,Cristiano Ronaldo
Football,Cristiano Ronaldo
Real,Cristiano Ronaldo
Cristiano,Cristiano Ronaldo
Espanyol,Cristiano Ronaldo
Football,Cristiano Ronaldo
Cristiano,Cristiano Ronaldo
CR7,Cristiano Ronaldo
Cristiano,Cristiano Ronaldo
CR7,Cristiano Ronaldo
EspanyolRealMadrid,Cristiano Ronaldo
RCDE,Cristiano Ronaldo
RCDEspanyol,Cristiano Ronaldo
Cristiano,Cristiano Ronaldo
LaLiga,Cristiano Ronaldo
Cristiano,Cristiano Ronaldo
Ronaldo,Cristiano Ronaldo
football,Cristiano Ronaldo
RM,Cristiano Ronaldo
Real,Cristiano Ronaldo
Madrid,Cristiano Ronaldo
Cristiano,Cristiano Ronaldo
Ronaldo,Cristiano Ronaldo
La,Cristiano Ronaldo
Liga,Cristiano Ronaldo
Cristiano,Cristiano Ronaldo
Ronaldo,Cristiano Ronaldo
CristianoRonaldo,Cristiano Ronaldo
Syria,Cristiano Ronaldo
Cristiano,Cristiano Ronaldo
Ronaldo,Cristiano Ronaldo
Espanyol,Cristiano Ronaldo
Real,Cristiano Ronaldo
Madrid,Cristiano Ronaldo
Cristiano,Cristiano Ronaldo
Ronaldo,Cristiano Ronaldo
Espanyol,Cristiano Ronaldo
Real,Cristiano Ronaldo
Madrid,Cristiano Ronaldo
football,Cristiano Ronaldo
EspanyolRealMadrid,Cristiano Ronaldo
RCDE,Cristiano Ronaldo
RCDEspanyol,Cristiano Ronaldo
Cristiano,Cristiano Ronaldo
LaLiga,Cristiano Ronaldo
EspanyolRealMadrid,Cristiano Ronaldo
RCDE,Cristiano Ronaldo
RCDEspanyol,Cristiano Ronaldo
Cristiano,Cristiano Ronaldo
Cristiano,Cristiano Ronaldo
Ronaldo,Cristiano Ronaldo
Messi,Cristiano Ronaldo
ClicnScores,Cristiano Ronaldo
PSG,Cristiano Ronaldo
RealMadrid,Cristiano Ronaldo
Ronaldo,Cristiano Ronaldo
neymarjr,Cristiano Ronaldo
ChampionsLeague,Cristiano Ronaldo
Cristiano,Cristiano Ronaldo
CR7,Cristiano Ronaldo
Cristiano,Cristiano Ronaldo
Ronaldo,Cristiano Ronaldo
psg,Cristiano Ronaldo
psg,Cristiano Ronaldo
Real,Cristiano Ronaldo
Cristiano,Cristiano Ronaldo
Espanyol,Cristiano Ronaldo
Football,Cristiano Ronaldo
Real,Cristiano Ronaldo
Cristiano,Cristiano Ronaldo
Espanyol,Cristiano Ronaldo
Football,Cristiano Ronaldo
Cristiano,Cristiano Ronaldo
fútbol,Cristiano Ronaldo
Europa,Cristiano Ronaldo
Brasil,Cristiano Ronaldo
China,Cristiano Ronaldo
México,Cristiano Ronaldo
cristiano,Cristiano Ronaldo
ronaldo,Cristiano Ronaldo
cristianoronaldojunior,Cristiano Ronaldo
football,Cristiano Ronaldo
realmadrid,Cristiano Ronaldo
cristiano,Cristiano Ronaldo
ronaldo,Cristiano Ronaldo
cristianoronaldojunior,Cristiano Ronaldo
football,Cristiano Ronaldo
realmadrid,Cristiano Ronaldo
Cristiano,Cristiano Ronaldo
fútbol,Cristiano Ronaldo
Europa,Cristiano Ronaldo
Brasil,Cristiano Ronaldo
China,Cristiano Ronaldo
México,Cristiano Ronaldo
Marca,Cristiano Ronaldo
Messi,Cristiano Ronaldo
Cristiano,Cristiano Ronaldo
Mexico,Cristiano Ronaldo
Brazil,Cristiano Ronaldo
ACAB,Cristiano Ronaldo
ULTRAS,Cristiano Ronaldo
MAROC2026,Cristiano Ronaldo
MOROCCO2026,Cristiano Ronaldo
MAROC,Cristiano Ronaldo
MOROCCO,Cristiano Ronaldo
As,Cristiano Ronaldo
Ronaldo,Cristiano Ronaldo
RMC,Cristiano Ronaldo
fifa18,Cristiano Ronaldo
cristiano,Cristiano Ronaldo
ronaldo,Cristiano Ronaldo
cristiano,Cristiano Ronaldo
Cristiano,Cristiano Ronaldo
Cristiano,Cristiano Ronaldo
Ronaldo,Cristiano Ronaldo
Cristiano,Cristiano Ronaldo
CR7,Cristiano Ronaldo
football,Cristiano Ronaldo
footballfamily,Cristiano Ronaldo
laliga,Cristiano Ronaldo
fcbarcelona,Cristiano Ronaldo
barcelona,Cristiano Ronaldo
atleticomadrid,Cristiano Ronaldo
messi,Cristiano Ronaldo
football,Cristiano Ronaldo
suarez,Cristiano Ronaldo
nike,Cristiano Ronaldo
Marca,Cristiano Ronaldo
Messi,Cristiano Ronaldo
Cristiano,Cristiano Ronaldo
Mexico,Cristiano Ronaldo
Brazil,Cristiano Ronaldo
ACAB,Cristiano Ronaldo
ULTRAS,Cristiano Ronaldo
MAROC2026,Cristiano Ronaldo
MOROCCO2026,Cristiano Ronaldo
MAROC,Cristiano Ronaldo
MOROCCO,Cristiano Ronaldo
As,Cristiano Ronaldo
Ronaldo,Cristiano Ronaldo
RMC,Cristiano Ronaldo
Marca,Cristiano Ronaldo
Messi,Cristiano Ronaldo
Cristiano,Cristiano Ronaldo
Mexico,Cristiano Ronaldo
Brazil,Cristiano Ronaldo
ACAB,Cristiano Ronaldo
ULTRAS,Cristiano Ronaldo
MAROC2026,Cristiano Ronaldo
MOROCCO2026,Cristiano Ronaldo
MAROC,Cristiano Ronaldo
MOROCCO,Cristiano Ronaldo
As,Cristiano Ronaldo
Ronaldo,Cristiano Ronaldo
RMC,Cristiano Ronaldo
Marca,Cristiano Ronaldo
Messi,Cristiano Ronaldo
Cristiano,Cristiano Ronaldo
Mexico,Cristiano Ronaldo
Brazil,Cristiano Ronaldo
ACAB,Cristiano Ronaldo
ULTRAS,Cristiano Ronaldo
MAROC2026,Cristiano Ronaldo
MOROCCO2026,Cristiano Ronaldo
MAROC,Cristiano Ronaldo
MOROCCO,Cristiano Ronaldo
As,Cristiano Ronaldo
Ronaldo,Cristiano Ronaldo
RMC,Cristiano Ronaldo
Marca,Cristiano Ronaldo
Messi,Cristiano Ronaldo
Cristiano,Cristiano Ronaldo
Mexico,Cristiano Ronaldo
Brazil,Cristiano Ronaldo
ACAB,Cristiano Ronaldo
ULTRAS,Cristiano Ronaldo
MAROC2026,Cristiano Ronaldo
MOROCCO2026,Cristiano Ronaldo
MAROC,Cristiano Ronaldo
MOROCCO,Cristiano Ronaldo
As,Cristiano Ronaldo
Ronaldo,Cristiano Ronaldo
RMC,Cristiano Ronaldo
Marca,Cristiano Ronaldo
Messi,Cristiano Ronaldo
Cristiano,Cristiano Ronaldo
Mexico,Cristiano Ronaldo
Brazil,Cristiano Ronaldo
ACAB,Cristiano Ronaldo
ULTRAS,Cristiano Ronaldo
MAROC2026,Cristiano Ronaldo
MOROCCO2026,Cristiano Ronaldo
MAROC,Cristiano Ronaldo
MOROCCO,Cristiano Ronaldo
As,Cristiano Ronaldo
Ronaldo,Cristiano Ronaldo
RMC,Cristiano Ronaldo
NoLookPass,Cristiano Ronaldo
NoLook,Cristiano Ronaldo
RMA,Cristiano Ronaldo
Rmadrid,Cristiano Ronaldo
Ronaldo,Cristiano Ronaldo
CR7,Cristiano Ronaldo
CristianoRonaldo,Cristiano Ronaldo
Cristiano,Cristiano Ronaldo
sneakerjeans,Cristiano Ronaldo
cristiano,Cristiano Ronaldo
cristianoronaldo,Cristiano Ronaldo
cr7,Cristiano Ronaldo
sneakerjeans,Cristiano Ronaldo
cristiano,Cristiano Ronaldo
cristianoronaldo,Cristiano Ronaldo
cr7,Cristiano Ronaldo
NoLookPass,Cristiano Ronaldo
NoLook,Cristiano Ronaldo
RMA,Cristiano Ronaldo
Rmadrid,Cristiano Ronaldo
Ronaldo,Cristiano Ronaldo
CR7,Cristiano Ronaldo
CristianoRonaldo,Cristiano Ronaldo
Cristiano,Cristiano Ronaldo
cristiano,Cristiano Ronaldo
cristiano,Cristiano Ronaldo
ronaldo,Cristiano Ronaldo
wallpaper,Cristiano Ronaldo
cristiano,Cristiano Ronaldo
ronaldo,Cristiano Ronaldo
wallpaper,Cristiano Ronaldo
wallpaper,Cristiano Ronaldo
de,Cristiano Ronaldo
neymar,Neymar
Neymar,Neymar
Brazil,Neymar
Neymar,Neymar
RealMadrid,Neymar
Neymar,Neymar
Brazil,Neymar
Neymar,Neymar
PSG,Neymar
Ufficiale,Neymar
Neymar,Neymar
opera,Neymar
neymar,Neymar
Neymar,Neymar
Neymar,Neymar
Brazil,Neymar
PSG,Neymar
Neymar,Neymar
Neymar,Neymar
PSG,Neymar
Neymar,Neymar
PSG,Neymar
Neymar,Neymar
FÚTBOLP,Neymar
MBAPPE,Neymar
NEYMAR,Neymar
Football,Neymar
Neymar,Neymar
PSG,Neymar
Neymar,Neymar
Neymar,Neymar
Neymar,Neymar
neymar,Neymar
uefachampionsleague,Neymar
neymar,Neymar
Brasil,Neymar
PSG,Neymar
Neymar,Neymar
PSG,Neymar
Neymar,Neymar
Neymar,Neymar
PSG,Neymar
травма,Neymar
ПСЖ,Neymar
Неймар,Neymar
футбол,Neymar
Neymar,Neymar
Neymar,Neymar
Real,Neymar
Neymar,Neymar
Neymar,Neymar
Real,Neymar
TheSoccerScoreboardShow,Neymar
RealMadrid,Neymar
Neymar,Neymar
Neymar,Neymar
Neymar,Neymar
Brasil,Neymar
Neymar,Neymar
PSG,Neymar
Neymar,Neymar
Neymar,Neymar
Brasil,Neymar
Neymar,Neymar
Neymar,Neymar
PSG,Neymar
Neymar,Neymar
Neymar,Neymar
PSG,Neymar
wayne,Wayne Rooney
Wayne,Wayne Rooney
Rooney,Wayne Rooney
celebration,Wayne Rooney
woman,Wayne Rooney
explains,Wayne Rooney
Jeremy,Wayne Rooney
McConnell,Wayne Rooney
Wayne,Wayne Rooney
Rooney,Wayne Rooney
celebration,Wayne Rooney
woman,Wayne Rooney
delighted,Wayne Rooney
night,Wayne Rooney
passion,Wayne Rooney
Celebrity,Wayne Rooney
ManUtd,Wayne Rooney
united,Wayne Rooney
wayne,Wayne Rooney
rooney,Wayne Rooney
rooney,Wayne Rooney
wayne,Wayne Rooney
pressure,Wayne Rooney
rooney,Wayne Rooney
from,Wayne Rooney
wayne,Wayne Rooney
balotelli,Mario Balotelli
mario,Mario Balotelli
dijon,Mario Balotelli
stunning,Mario Balotelli
Mario,Mario Balotelli
UniversitariodeDeportes,Andrea Pirlo
Andrea,Andrea Pirlo
Gareth,Gareth Bale
GARETH,Gareth Bale
BALE,Gareth Bale
PSICOLOGIA,Gareth Bale
espanyol,Gareth Bale
with,Gareth Bale
gareth,Gareth Bale
bale,Gareth Bale
gareth,Gareth Bale
their,Gareth Bale
gareth,Gareth Bale
bale,Gareth Bale
Gareth,Gareth Bale
realmadrid,Gareth Bale
LaLiga,Gareth Bale
GARETH,Gareth Bale
BALE,Gareth Bale
PSICOLOGIA,Gareth Bale
designer,Gareth Bale
des,Gareth Bale
bale,Gareth Bale
gareth,Gareth Bale
ahmedyounis,Gareth Bale
Destacados,Gareth Bale
cristiano,Gareth Bale
deportivo,Gareth Bale
realmadrid,Gareth Bale
cr7,Gareth Bale
Gareth,Gareth Bale
Bale,Gareth Bale
goal,Gareth Bale
GARETH,Gareth Bale
BALE,Gareth Bale
PSICOLOGIA,Gareth Bale
realmadrid,Gareth Bale
LaLiga,Gareth Bale
gareth,Gareth Bale
gareth,Gareth Bale
bale,Gareth Bale
will,Gareth Bale
realmadrid,Gareth Bale
LaLiga,Gareth Bale
gareth,Gareth Bale
realmadrid,Gareth Bale
LaLiga,Gareth Bale
gareth,Gareth Bale
gareth,Gareth Bale
bale,Gareth Bale
wallpaper,Gareth Bale
GARETH,Gareth Bale
BALE,Gareth Bale
PSICOLOGIA,Gareth Bale
realmadrid,Gareth Bale
LaLiga,Gareth Bale
gareth,Gareth Bale
GARETH,Gareth Bale
BALE,Gareth Bale
PSICOLOGIA,Gareth Bale
lewandowski,Robert Lewandowski
robert,Robert Lewandowski
madrid,Robert Lewandowski
robert,Robert Lewandowski
Lewandowski,Robert Lewandowski
robert,Robert Lewandowski
bayern,Robert Lewandowski
lionel,Robert Lewandowski
bayern,Robert Lewandowski
munich,Robert Lewandowski
robert,Robert Lewandowski
lewandowski,Robert Lewandowski
robert,Robert Lewandowski
exbayern,Robert Lewandowski
lewandowski,Robert Lewandowski
robert,Robert Lewandowski
bayern,Robert Lewandowski
bayern,Robert Lewandowski
recordbreaker,Robert Lewandowski
bayern,Robert Lewandowski
recordbreaker,Robert Lewandowski
Robert,Robert Lewandowski
sports,Robert Lewandowski
robert,Robert Lewandowski
robert,Robert Lewandowski
bayern,Robert Lewandowski
robert,Robert Lewandowski
robert,Robert Lewandowski
star,Robert Lewandowski
real,Robert Lewandowski
FCBayern,Robert Lewandowski
Bundesliga,Robert Lewandowski
robert,Robert Lewandowski
agent,Robert Lewandowski
champions,Robert Lewandowski
robert,Robert Lewandowski
FCBayern,Robert Lewandowski
Bundesliga,Robert Lewandowski
robert,Robert Lewandowski
lewandowski,Robert Lewandowski
LCF,Robert Lewandowski
Premier_League,Robert Lewandowski
realmadrid,Robert Lewandowski
LaLiga,Robert Lewandowski
robert,Robert Lewandowski
lewandowski,Robert Lewandowski
bayern,Robert Lewandowski
robert,Robert Lewandowski
bayern,Robert Lewandowski
robert,Robert Lewandowski
lewandowski,Robert Lewandowski
FCBayern,Robert Lewandowski
Bundesliga,Robert Lewandowski
robert,Robert Lewandowski
realmadrid,Robert Lewandowski
LaLiga,Robert Lewandowski
robert,Robert Lewandowski
FCBayern,Robert Lewandowski
herthaberlin,Robert Lewandowski
lionel,Lionel Messi
lionel,Lionel Messi
messi,Lionel Messi
wallpaper,Lionel Messi
wallpapers,Lionel Messi
high,Lionel Messi
quality,Lionel Messi
lionel,Lionel Messi
lionel,Lionel Messi
Lionel,Lionel Messi
Messi,Lionel Messi
Harus,Lionel Messi
Dilarang,Lionel Messi
Karena,Lionel Messi
Bukan,Lionel Messi
Manusia,Lionel Messi
MésQueUnClub,Lionel Messi
ViscaBarca,Lionel Messi
FCB,Lionel Messi
Messi,Lionel Messi
Lionel,Lionel Messi
LeoMessi,Lionel Messi
Messi10,Lionel Messi
robert,Lionel Messi
bayern,Lionel Messi
lionel,Lionel Messi
lionel,Lionel Messi
lionel,Lionel Messi
lionel,Lionel Messi
GironaFC,Lionel Messi
LaLiga,Lionel Messi
lionel,Lionel Messi
FCBarcelona,Lionel Messi
LaLiga,Lionel Messi
lionel,Lionel Messi
lionel,Lionel Messi
lionel,Lionel Messi
Lionel,Lionel Messi
Messi,Lionel Messi
LaLiga,Lionel Messi
tarih,Lionel Messi
MésQueUnClub,Lionel Messi
ViscaBarca,Lionel Messi
FCB,Lionel Messi
Messi,Lionel Messi
Lionel,Lionel Messi
LeoMessi,Lionel Messi
Messi10,Lionel Messi
FCBarcelona,Lionel Messi
LaLiga,Lionel Messi
lionel,Lionel Messi
Lionel,Lionel Messi
Lionel,Lionel Messi
G,Lionel Messi
Lionel,Lionel Messi
Lionel,Lionel Messi
Lionel,Lionel Messi
BarcaGirona,Lionel Messi
LaLiga,Lionel Messi
Messi,Lionel Messi
Lionel,Lionel Messi
Messi,Lionel Messi
Lionel,Lionel Messi
Messi,Lionel Messi
realmadrid,Lionel Messi
LaLiga,Lionel Messi
ADONBILIVIT,Lionel Messi
Lionel,Lionel Messi
Messi,Lionel Messi
ADONBILIVIT,Lionel Messi
Lionel,Lionel Messi
Messi,Lionel Messi
D10S,Lionel Messi
Lionel,Lionel Messi
Lionel,Lionel Messi
Lionel,Lionel Messi
Lionel,Lionel Messi
LionelMessi,Lionel Messi
messi,Lionel Messi
BarcelonaSC,Lionel Messi
messi,Lionel Messi
D10S,Lionel Messi
LionelMessi,Lionel Messi
Barca,Lionel Messi
lionel,Lionel Messi
Lionel,Lionel Messi
Lionel,Lionel Messi
Messi,Lionel Messi
Lionel,Lionel Messi
Lionel,Lionel Messi
Messi,Lionel Messi
Lionel,Lionel Messi
Messi,Lionel Messi
Girona,Lionel Messi
Lionel,Lionel Messi
BarçaGirona,Lionel Messi
Messi,Lionel Messi
ForcaBarca,Lionel Messi
Barca,Lionel Messi
Barcelona,Lionel Messi
LaLiga,Lionel Messi
LaLigaSantander,Lionel Messi
Girona,Lionel Messi
Lionel,Lionel Messi
BarçaGirona,Lionel Messi
Messi,Lionel Messi
ForcaBarca,Lionel Messi
Barca,Lionel Messi
Barcelona,Lionel Messi
LaLiga,Lionel Messi
LaLigaSantander,Lionel Messi
Lionel,Lionel Messi
Messi,Lionel Messi
Girona,Lionel Messi
Lionel,Lionel Messi
BarçaGirona,Lionel Messi
Messi,Lionel Messi
ForcaBarca,Lionel Messi
Barca,Lionel Messi
Barcelona,Lionel Messi
LaLiga,Lionel Messi
LaLigaSantander,Lionel Messi
Girona,Lionel Messi
Lionel,Lionel Messi
BarçaGirona,Lionel Messi
Messi,Lionel Messi
ForcaBarca,Lionel Messi
Barca,Lionel Messi
Barcelona,Lionel Messi
LaLiga,Lionel Messi
LaLigaSantander,Lionel Messi
Girona,Lionel Messi
Lionel,Lionel Messi
BarçaGirona,Lionel Messi
Messi,Lionel Messi
ForcaBarca,Lionel Messi
Barca,Lionel Messi
Barcelona,Lionel Messi
LaLiga,Lionel Messi
LaLigaSantander,Lionel Messi
Girona,Lionel Messi
Lionel,Lionel Messi
BarçaGirona,Lionel Messi
Messi,Lionel Messi
ForcaBarca,Lionel Messi
Barca,Lionel Messi
Barcelona,Lionel Messi
LaLiga,Lionel Messi
LaLigaSantander,Lionel Messi
Girona,Lionel Messi
Lionel,Lionel Messi
BarçaGirona,Lionel Messi
Messi,Lionel Messi
ForcaBarca,Lionel Messi
Barca,Lionel Messi
Barcelona,Lionel Messi
LaLiga,Lionel Messi
LaLigaSantander,Lionel Messi
Girona,Lionel Messi
Lionel,Lionel Messi
BarçaGirona,Lionel Messi
Messi,Lionel Messi
ForcaBarca,Lionel Messi
Barca,Lionel Messi
Barcelona,Lionel Messi
LaLiga,Lionel Messi
Messi,Lionel Messi
Girona,Lionel Messi
Leo,Lionel Messi
D10S,Lionel Messi
lionel,Lionel Messi
lionel,Lionel Messi
lionel,Lionel Messi
Lionel,Lionel Messi
Messi,Lionel Messi
Iago,Lionel Messi
Aspas,Lionel Messi
lionel,Lionel Messi
lionel,Lionel Messi
maradona,Cristiano Ronaldo
Argentina,Cristiano Ronaldo
León,Cristiano Ronaldo
Cristiano,Cristiano Ronaldo
León,Cristiano Ronaldo
Cristiano,Cristiano Ronaldo
Cristiano,Cristiano Ronaldo
CASAREAL,Cristiano Ronaldo
Cristiano,Cristiano Ronaldo
CASAREAL,Cristiano Ronaldo
Cristiano,Cristiano Ronaldo
CASAREAL,Cristiano Ronaldo
Cristiano,Cristiano Ronaldo
Messi,Cristiano Ronaldo
CR7,Cristiano Ronaldo
Cristiano,Cristiano Ronaldo
Real,Cristiano Ronaldo
Cristiano,Cristiano Ronaldo
Espanyol,Cristiano Ronaldo
Football,Cristiano Ronaldo
Ronaldo,Cristiano Ronaldo
cr7,Cristiano Ronaldo
cristianoronaldo,Cristiano Ronaldo
cristiano,Cristiano Ronaldo
realmadrid,Cristiano Ronaldo
Ronaldo,Cristiano Ronaldo
cr7,Cristiano Ronaldo
cristianoronaldo,Cristiano Ronaldo
cristiano,Cristiano Ronaldo
realmadrid,Cristiano Ronaldo
Ronaldo,Cristiano Ronaldo
cr7,Cristiano Ronaldo
cristianoronaldo,Cristiano Ronaldo
cristiano,Cristiano Ronaldo
realmadrid,Cristiano Ronaldo
CR7,Cristiano Ronaldo
RedVelvet,Cristiano Ronaldo
Challenge32,Cristiano Ronaldo
RealMadrid,Cristiano Ronaldo
atleticomadrid,Cristiano Ronaldo
Cristiano,Cristiano Ronaldo
Zidane,Cristiano Ronaldo
Big_Fan_Of,Cristiano Ronaldo
Cristiano,Cristiano Ronaldo
Big_Fan_Of,Cristiano Ronaldo
Cristiano,Cristiano Ronaldo
CR7,Cristiano Ronaldo
CR7,Cristiano Ronaldo
RedVelvet,Cristiano Ronaldo
Challenge32,Cristiano Ronaldo
RealMadrid,Cristiano Ronaldo
atleticomadrid,Cristiano Ronaldo
Cristiano,Cristiano Ronaldo
Zidane,Cristiano Ronaldo
CR7,Cristiano Ronaldo
RedVelvet,Cristiano Ronaldo
Challenge32,Cristiano Ronaldo
RealMadrid,Cristiano Ronaldo
atleticomadrid,Cristiano Ronaldo
Cristiano,Cristiano Ronaldo
Zidane,Cristiano Ronaldo
CR7,Cristiano Ronaldo
RedVelvet,Cristiano Ronaldo
Challenge32,Cristiano Ronaldo
RealMadrid,Cristiano Ronaldo
atleticomadrid,Cristiano Ronaldo
Cristiano,Cristiano Ronaldo
Zidane,Cristiano Ronaldo
cristianoronaldo,Cristiano Ronaldo
cristianoronaldo7,Cristiano Ronaldo
messi,Cristiano Ronaldo
cristiano,Cristiano Ronaldo
ronaldo,Cristiano Ronaldo
realmadrid,Cristiano Ronaldo
Forca,Cristiano Ronaldo
Barca,Cristiano Ronaldo
cristianoronaldo,Cristiano Ronaldo
cristianoronaldo7,Cristiano Ronaldo
messi,Cristiano Ronaldo
cristiano,Cristiano Ronaldo
ronaldo,Cristiano Ronaldo
madrid,Cristiano Ronaldo
realmadrid,Cristiano Ronaldo
Forca,Cristiano Ronaldo
cristianoronaldo,Cristiano Ronaldo
cristianoronaldo7,Cristiano Ronaldo
messi,Cristiano Ronaldo
cristiano,Cristiano Ronaldo
ronaldo,Cristiano Ronaldo
madrid,Cristiano Ronaldo
realmadrid,Cristiano Ronaldo
Forca,Cristiano Ronaldo
Barca,Cristiano Ronaldo
cristiano,Cristiano Ronaldo
Cristiano,Cristiano Ronaldo
Ronaldo,Cristiano Ronaldo
Messi,Cristiano Ronaldo
Parla,Cristiano Ronaldo
Cristiano,Cristiano Ronaldo
Ronaldo,Cristiano Ronaldo
Messi,Cristiano Ronaldo
Parla,Cristiano Ronaldo
cr7,Cristiano Ronaldo
cristiano,Cristiano Ronaldo
birthday,Cristiano Ronaldo
cr7,Cristiano Ronaldo
cristiano,Cristiano Ronaldo
birthday,Cristiano Ronaldo
cristianoronaldo,Cristiano Ronaldo
cristiano,Cristiano Ronaldo
cristianoronaldo,Cristiano Ronaldo
cristiano,Cristiano Ronaldo
Real,Cristiano Ronaldo
Cristiano,Cristiano Ronaldo
Espanyol,Cristiano Ronaldo
Football,Cristiano Ronaldo
Real,Cristiano Ronaldo
Cristiano,Cristiano Ronaldo
Espanyol,Cristiano Ronaldo
Football,Cristiano Ronaldo
Cristiano,Cristiano Ronaldo
CR7,Cristiano Ronaldo
Cristiano,Cristiano Ronaldo
CR7,Cristiano Ronaldo
EspanyolRealMadrid,Cristiano Ronaldo
RCDE,Cristiano Ronaldo
RCDEspanyol,Cristiano Ronaldo
Cristiano,Cristiano Ronaldo
LaLiga,Cristiano Ronaldo
Cristiano,Cristiano Ronaldo
Ronaldo,Cristiano Ronaldo
football,Cristiano Ronaldo
RM,Cristiano Ronaldo
Real,Cristiano Ronaldo
Madrid,Cristiano Ronaldo
Cristiano,Cristiano Ronaldo
Ronaldo,Cristiano Ronaldo
La,Cristiano Ronaldo
Liga,Cristiano Ronaldo
Cristiano,Cristiano Ronaldo
Ronaldo,Cristiano Ronaldo
CristianoRonaldo,Cristiano Ronaldo
Syria,Cristiano Ronaldo
Cristiano,Cristiano Ronaldo
Ronaldo,Cristiano Ronaldo
Espanyol,Cristiano Ronaldo
Real,Cristiano Ronaldo
Madrid,Cristiano Ronaldo
Cristiano,Cristiano Ronaldo
Ronaldo,Cristiano Ronaldo
Espanyol,Cristiano Ronaldo
Real,Cristiano Ronaldo
Madrid,Cristiano Ronaldo
football,Cristiano Ronaldo
EspanyolRealMadrid,Cristiano Ronaldo
RCDE,Cristiano Ronaldo
RCDEspanyol,Cristiano Ronaldo
Cristiano,Cristiano Ronaldo
LaLiga,Cristiano Ronaldo
EspanyolRealMadrid,Cristiano Ronaldo
RCDE,Cristiano Ronaldo
RCDEspanyol,Cristiano Ronaldo
Cristiano,Cristiano Ronaldo
Cristiano,Cristiano Ronaldo
Ronaldo,Cristiano Ronaldo
Messi,Cristiano Ronaldo
ClicnScores,Cristiano Ronaldo
PSG,Cristiano Ronaldo
RealMadrid,Cristiano Ronaldo
Ronaldo,Cristiano Ronaldo
neymarjr,Cristiano Ronaldo
ChampionsLeague,Cristiano Ronaldo
Cristiano,Cristiano Ronaldo
CR7,Cristiano Ronaldo
Cristiano,Cristiano Ronaldo
Ronaldo,Cristiano Ronaldo
psg,Cristiano Ronaldo
psg,Cristiano Ronaldo
Real,Cristiano Ronaldo
Cristiano,Cristiano Ronaldo
Espanyol,Cristiano Ronaldo
Football,Cristiano Ronaldo
Real,Cristiano Ronaldo
Cristiano,Cristiano Ronaldo
Espanyol,Cristiano Ronaldo
Football,Cristiano Ronaldo
Cristiano,Cristiano Ronaldo
fútbol,Cristiano Ronaldo
Europa,Cristiano Ronaldo
Brasil,Cristiano Ronaldo
China,Cristiano Ronaldo
México,Cristiano Ronaldo
cristiano,Cristiano Ronaldo
ronaldo,Cristiano Ronaldo
cristianoronaldojunior,Cristiano Ronaldo
football,Cristiano Ronaldo
realmadrid,Cristiano Ronaldo
cristiano,Cristiano Ronaldo
ronaldo,Cristiano Ronaldo
cristianoronaldojunior,Cristiano Ronaldo
football,Cristiano Ronaldo
realmadrid,Cristiano Ronaldo
Cristiano,Cristiano Ronaldo
fútbol,Cristiano Ronaldo
Europa,Cristiano Ronaldo
Brasil,Cristiano Ronaldo
China,Cristiano Ronaldo
México,Cristiano Ronaldo
Marca,Cristiano Ronaldo
Messi,Cristiano Ronaldo
Cristiano,Cristiano Ronaldo
Mexico,Cristiano Ronaldo
Brazil,Cristiano Ronaldo
ACAB,Cristiano Ronaldo
ULTRAS,Cristiano Ronaldo
MAROC2026,Cristiano Ronaldo
MOROCCO2026,Cristiano Ronaldo
MAROC,Cristiano Ronaldo
MOROCCO,Cristiano Ronaldo
As,Cristiano Ronaldo
Ronaldo,Cristiano Ronaldo
RMC,Cristiano Ronaldo
fifa18,Cristiano Ronaldo
cristiano,Cristiano Ronaldo
ronaldo,Cristiano Ronaldo
cristiano,Cristiano Ronaldo
Cristiano,Cristiano Ronaldo
Cristiano,Cristiano Ronaldo
Ronaldo,Cristiano Ronaldo
Cristiano,Cristiano Ronaldo
CR7,Cristiano Ronaldo
football,Cristiano Ronaldo
footballfamily,Cristiano Ronaldo
laliga,Cristiano Ronaldo
fcbarcelona,Cristiano Ronaldo
barcelona,Cristiano Ronaldo
atleticomadrid,Cristiano Ronaldo
messi,Cristiano Ronaldo
football,Cristiano Ronaldo
suarez,Cristiano Ronaldo
nike,Cristiano Ronaldo
Marca,Cristiano Ronaldo
Messi,Cristiano Ronaldo
Cristiano,Cristiano Ronaldo
Mexico,Cristiano Ronaldo
Brazil,Cristiano Ronaldo
ACAB,Cristiano Ronaldo
ULTRAS,Cristiano Ronaldo
MAROC2026,Cristiano Ronaldo
MOROCCO2026,Cristiano Ronaldo
MAROC,Cristiano Ronaldo
MOROCCO,Cristiano Ronaldo
As,Cristiano Ronaldo
Ronaldo,Cristiano Ronaldo
RMC,Cristiano Ronaldo
Marca,Cristiano Ronaldo
Messi,Cristiano Ronaldo
Cristiano,Cristiano Ronaldo
Mexico,Cristiano Ronaldo
Brazil,Cristiano Ronaldo
ACAB,Cristiano Ronaldo
ULTRAS,Cristiano Ronaldo
MAROC2026,Cristiano Ronaldo
MOROCCO2026,Cristiano Ronaldo
MAROC,Cristiano Ronaldo
MOROCCO,Cristiano Ronaldo
As,Cristiano Ronaldo
Ronaldo,Cristiano Ronaldo
RMC,Cristiano Ronaldo
Marca,Cristiano Ronaldo
Messi,Cristiano Ronaldo
Cristiano,Cristiano Ronaldo
Mexico,Cristiano Ronaldo
Brazil,Cristiano Ronaldo
ACAB,Cristiano Ronaldo
ULTRAS,Cristiano Ronaldo
MAROC2026,Cristiano Ronaldo
MOROCCO2026,Cristiano Ronaldo
MAROC,Cristiano Ronaldo
MOROCCO,Cristiano Ronaldo
As,Cristiano Ronaldo
Ronaldo,Cristiano Ronaldo
RMC,Cristiano Ronaldo
Marca,Cristiano Ronaldo
Messi,Cristiano Ronaldo
Cristiano,Cristiano Ronaldo
Mexico,Cristiano Ronaldo
Brazil,Cristiano Ronaldo
ACAB,Cristiano Ronaldo
ULTRAS,Cristiano Ronaldo
MAROC2026,Cristiano Ronaldo
MOROCCO2026,Cristiano Ronaldo
MAROC,Cristiano Ronaldo
MOROCCO,Cristiano Ronaldo
As,Cristiano Ronaldo
Ronaldo,Cristiano Ronaldo
RMC,Cristiano Ronaldo
Marca,Cristiano Ronaldo
Messi,Cristiano Ronaldo
Cristiano,Cristiano Ronaldo
Mexico,Cristiano Ronaldo
Brazil,Cristiano Ronaldo
ACAB,Cristiano Ronaldo
ULTRAS,Cristiano Ronaldo
MAROC2026,Cristiano Ronaldo
MOROCCO2026,Cristiano Ronaldo
MAROC,Cristiano Ronaldo
MOROCCO,Cristiano Ronaldo
As,Cristiano Ronaldo
Ronaldo,Cristiano Ronaldo
RMC,Cristiano Ronaldo
NoLookPass,Cristiano Ronaldo
NoLook,Cristiano Ronaldo
RMA,Cristiano Ronaldo
Rmadrid,Cristiano Ronaldo
Ronaldo,Cristiano Ronaldo
CR7,Cristiano Ronaldo
CristianoRonaldo,Cristiano Ronaldo
Cristiano,Cristiano Ronaldo
sneakerjeans,Cristiano Ronaldo
cristiano,Cristiano Ronaldo
cristianoronaldo,Cristiano Ronaldo
cr7,Cristiano Ronaldo
sneakerjeans,Cristiano Ronaldo
cristiano,Cristiano Ronaldo
cristianoronaldo,Cristiano Ronaldo
cr7,Cristiano Ronaldo
NoLookPass,Cristiano Ronaldo
NoLook,Cristiano Ronaldo
RMA,Cristiano Ronaldo
Rmadrid,Cristiano Ronaldo
Ronaldo,Cristiano Ronaldo
CR7,Cristiano Ronaldo
CristianoRonaldo,Cristiano Ronaldo
Cristiano,Cristiano Ronaldo
cristiano,Cristiano Ronaldo
cristiano,Cristiano Ronaldo
ronaldo,Cristiano Ronaldo
wallpaper,Cristiano Ronaldo
Fútbol,Neymar
Neymar,Neymar
PSG,Neymar
TEAMPSG,Neymar
PSG,Neymar
PSGREAL,Neymar
PSGOM,Neymar
Neymar,Neymar
Nasser,Neymar
LaTernaFutboleraDelDía,Neymar
GolTV,Neymar
FEF,Neymar
Neymar,Neymar
PSG,Neymar
Delfín,Neymar
Neymar,Neymar
Neymar,Neymar
Brazil,Neymar
Neymar,Neymar
Neymar,Neymar
Neymar,Neymar
neymar,Neymar
have,Neymar
surgery,Neymar
neymar,Neymar
surgery,Neymar
miss,Neymar
Neymar,Neymar
DiMaría,Neymar
Neymar,Neymar
PSG,Neymar
Messi,Neymar
Neymar,Neymar
Brazil,Neymar
PSG,Neymar
Neymar,Neymar
Brazil,Neymar
KevinDeBruyne,Neymar
Neymar,Neymar
FootTheBall,Neymar
Neymar,Neymar
KevinDeBruyne,Neymar
Neymar,Neymar
FootTheBall,Neymar
DiMaría,Neymar
Neymar,Neymar
PSG,Neymar
Messi,Neymar
Neymar,Neymar
PSG,Neymar
Neymar,Neymar
Neymar,Neymar
Neymar,Neymar
PSG,Neymar
LoMásLeído,Neymar
Neymar,Neymar
ChampionsLeague,Neymar
Neymar,Neymar
Madrid,Neymar
Neymar,Neymar
Neymar,Neymar
PSG,Neymar
LaTernaFutboleraDelDía,Neymar
GolTV,Neymar
FEF,Neymar
Neymar,Neymar
PSG,Neymar
Delfín,Neymar
Neymar,Neymar
Neymar,Neymar
PSG,Neymar
Neymar,Neymar
LaTernaFutboleraDelDía,Neymar
GolTV,Neymar
FEF,Neymar
Neymar,Neymar
PSG,Neymar
Delfín,Neymar
เนย์มาร์,Neymar
ผ่านตัด,Neymar
พักยาว,Neymar
Neymar,Neymar
Neymar,Neymar
PSG,Neymar
LaTernaFutboleraDelDía,Neymar
GolTV,Neymar
FEF,Neymar
Neymar,Neymar
PSG,Neymar
Delfín,Neymar
wayne,Wayne Rooney
Wayne,Wayne Rooney
Rooney,Wayne Rooney
celebration,Wayne Rooney
woman,Wayne Rooney
explains,Wayne Rooney
Jeremy,Wayne Rooney
McConnell,Wayne Rooney
Wayne,Wayne Rooney
Rooney,Wayne Rooney
celebration,Wayne Rooney
woman,Wayne Rooney
delighted,Wayne Rooney
night,Wayne Rooney
passion,Wayne Rooney
Celebrity,Wayne Rooney
ManUtd,Wayne Rooney
united,Wayne Rooney
wayne,Wayne Rooney
rooney,Wayne Rooney
rooney,Wayne Rooney
wayne,Wayne Rooney
pressure,Wayne Rooney
rooney,Wayne Rooney
from,Wayne Rooney
wayne,Wayne Rooney
balotelli,Mario Balotelli
mario,Mario Balotelli
dijon,Mario Balotelli
stunning,Mario Balotelli
Mario,Mario Balotelli
UniversitariodeDeportes,Andrea Pirlo
Andrea,Andrea Pirlo
Gareth,Gareth Bale
GARETH,Gareth Bale
BALE,Gareth Bale
PSICOLOGIA,Gareth Bale
espanyol,Gareth Bale
with,Gareth Bale
gareth,Gareth Bale
bale,Gareth Bale
gareth,Gareth Bale
their,Gareth Bale
gareth,Gareth Bale
bale,Gareth Bale
Gareth,Gareth Bale
realmadrid,Gareth Bale
LaLiga,Gareth Bale
GARETH,Gareth Bale
BALE,Gareth Bale
PSICOLOGIA,Gareth Bale
designer,Gareth Bale
des,Gareth Bale
bale,Gareth Bale
gareth,Gareth Bale
ahmedyounis,Gareth Bale
Destacados,Gareth Bale
cristiano,Gareth Bale
deportivo,Gareth Bale
realmadrid,Gareth Bale
cr7,Gareth Bale
Gareth,Gareth Bale
Bale,Gareth Bale
goal,Gareth Bale
GARETH,Gareth Bale
BALE,Gareth Bale
PSICOLOGIA,Gareth Bale
realmadrid,Gareth Bale
LaLiga,Gareth Bale
gareth,Gareth Bale
gareth,Gareth Bale
bale,Gareth Bale
will,Gareth Bale
realmadrid,Gareth Bale
LaLiga,Gareth Bale
gareth,Gareth Bale
realmadrid,Gareth Bale
LaLiga,Gareth Bale
gareth,Gareth Bale
gareth,Gareth Bale
bale,Gareth Bale
wallpaper,Gareth Bale
GARETH,Gareth Bale
BALE,Gareth Bale
PSICOLOGIA,Gareth Bale
realmadrid,Gareth Bale
LaLiga,Gareth Bale
gareth,Gareth Bale
GARETH,Gareth Bale
BALE,Gareth Bale
PSICOLOGIA,Gareth Bale
lewandowski,Robert Lewandowski
robert,Robert Lewandowski
madrid,Robert Lewandowski
robert,Robert Lewandowski
Lewandowski,Robert Lewandowski
robert,Robert Lewandowski
bayern,Robert Lewandowski
lionel,Robert Lewandowski
bayern,Robert Lewandowski
munich,Robert Lewandowski
robert,Robert Lewandowski
lewandowski,Robert Lewandowski
robert,Robert Lewandowski
exbayern,Robert Lewandowski
lewandowski,Robert Lewandowski
robert,Robert Lewandowski
bayern,Robert Lewandowski
bayern,Robert Lewandowski
recordbreaker,Robert Lewandowski
bayern,Robert Lewandowski
recordbreaker,Robert Lewandowski
Robert,Robert Lewandowski
sports,Robert Lewandowski
robert,Robert Lewandowski
robert,Robert Lewandowski
bayern,Robert Lewandowski
robert,Robert Lewandowski
robert,Robert Lewandowski
star,Robert Lewandowski
real,Robert Lewandowski
FCBayern,Robert Lewandowski
Bundesliga,Robert Lewandowski
robert,Robert Lewandowski
agent,Robert Lewandowski
champions,Robert Lewandowski
robert,Robert Lewandowski
FCBayern,Robert Lewandowski
Bundesliga,Robert Lewandowski
robert,Robert Lewandowski
lewandowski,Robert Lewandowski
LCF,Robert Lewandowski
Premier_League,Robert Lewandowski
realmadrid,Robert Lewandowski
LaLiga,Robert Lewandowski
robert,Robert Lewandowski
lewandowski,Robert Lewandowski
bayern,Robert Lewandowski
robert,Robert Lewandowski
bayern,Robert Lewandowski
robert,Robert Lewandowski
lewandowski,Robert Lewandowski
FCBayern,Robert Lewandowski
Bundesliga,Robert Lewandowski
robert,Robert Lewandowski
realmadrid,Robert Lewandowski
LaLiga,Robert Lewandowski
robert,Robert Lewandowski
FCBayern,Robert Lewandowski
herthaberlin,Robert Lewandowski
