Chivas,10_soccerplayer,2018-03-01 01:57:40,
Cibao,10_soccerplayer,2018-03-01 01:57:40,
Chivas,10_soccerplayer,2018-03-01 01:57:30,
SCCL2018,10_soccerplayer,2018-03-01 01:05:30,
TimCup,CalciatoriHot,2018-03-01 00:19:42,Italia
leonardobonucci,CalciatoriHot,2018-03-01 00:19:42,Italia
PatrickCutrone,CalciatoriHot,2018-03-01 00:19:42,Italia
soccerplayer,CalciatoriHot,2018-03-01 00:19:42,Italia
shirtless,CalciatoriHot,2018-03-01 00:19:42,Italia
AcMilan,CalciatoriHot,2018-03-01 00:19:42,Italia
TimCup,CalciatoriHot,2018-03-01 00:09:08,Italia
ACMilan,CalciatoriHot,2018-03-01 00:09:08,Italia
jackBonaventura,CalciatoriHot,2018-03-01 00:09:08,Italia
leonardobonucci,CalciatoriHot,2018-03-01 00:09:08,Italia
PatrickCutrone,CalciatoriHot,2018-03-01 00:09:08,Italia
soccerplayer,CalciatoriHot,2018-03-01 00:09:08,Italia
shirtless,CalciatoriHot,2018-03-01 00:09:08,Italia
underwear,CalciatoriHot,2018-03-01 00:09:08,Italia
hotpictures,CalciatoriHot,2018-03-01 00:09:08,Italia
Soccer,geoffemett,2018-02-28 23:54:35,"Preston, Lancashire, UK"
SoccerTeam,geoffemett,2018-02-28 23:54:35,"Preston, Lancashire, UK"
SoccerPlayer,geoffemett,2018-02-28 23:54:35,"Preston, Lancashire, UK"
SoccerGame,geoffemett,2018-02-28 23:54:35,"Preston, Lancashire, UK"
Sports,geoffemett,2018-02-28 23:54:35,"Preston, Lancashire, UK"
Soccer,AdviceSoccer,2018-02-28 23:00:48,
SoccerTeam,AdviceSoccer,2018-02-28 23:00:48,
SoccerPlayer,AdviceSoccer,2018-02-28 23:00:48,
SoccerGame,AdviceSoccer,2018-02-28 23:00:48,
Sports,AdviceSoccer,2018-02-28 23:00:48,
Chivas,10_soccerplayer,2018-02-28 19:02:21,
SoccerPlayer,SoccerTraining7,2018-02-28 19:02:07,"London, England"
SoccerSkills,SoccerTraining7,2018-02-28 19:02:07,"London, England"
SoccerAthlete,SoccerTraining7,2018-02-28 19:02:07,"London, England"
LionelMessi,CalciatoriHot,2018-02-28 14:27:37,Italia
FCBarcelona,CalciatoriHot,2018-02-28 14:27:37,Italia
soccerplayer,CalciatoriHot,2018-02-28 14:27:37,Italia
shirtless,CalciatoriHot,2018-02-28 14:27:37,Italia
LaLigaSantander,CalciatoriHot,2018-02-28 14:27:37,Italia
Argentina,CalciatoriHot,2018-02-28 14:27:37,Italia
ミニオン,y_soccerplayer,2018-02-28 13:17:29,GALAXY  SIRIUS  CANOPUS   VEGA
PabloZabaleta,CalciatoriHot,2018-02-28 09:43:55,Italia
WestHam,CalciatoriHot,2018-02-28 09:43:55,Italia
soccerplayer,CalciatoriHot,2018-02-28 09:43:55,Italia
shirtless,CalciatoriHot,2018-02-28 09:43:55,Italia
PremierLeague,CalciatoriHot,2018-02-28 09:43:55,Italia
StanleyAmozie,Rob_T_Official,2018-02-28 09:08:30,Toronto
Soccerplayer,Rob_T_Official,2018-02-28 09:08:30,Toronto
VamosChivas,10_soccerplayer,2018-02-28 07:34:32,
ElAlmaDeMéxico,10_soccerplayer,2018-02-28 07:34:32,
DiseñandoAndo,10_soccerplayer,2018-02-28 07:34:26,
HardWorker,10_soccerplayer,2018-02-28 07:32:10,
Focus,10_soccerplayer,2018-02-28 07:32:10,
clásicoA2006,10_soccerplayer,2018-02-28 01:26:06,
DavideAmadori,Pigboy08157493,2018-02-28 00:14:27,
soccerplayer,Pigboy08157493,2018-02-28 00:14:27,
shirtless,Pigboy08157493,2018-02-28 00:14:27,
underwear,Pigboy08157493,2018-02-28 00:14:27,
hotpictures,Pigboy08157493,2018-02-28 00:14:27,
nakedguys,Pigboy08157493,2018-02-28 00:14:27,
naked,Pigboy08157493,2018-02-28 00:14:27,
spogliatoio,Pigboy08157493,2018-02-28 00:14:27,
federicoGregucci,CalciatoriHot,2018-02-27 23:39:38,Italia
JuventusAcademy,CalciatoriHot,2018-02-27 23:39:38,Italia
coach,CalciatoriHot,2018-02-27 23:39:38,Italia
soccerplayer,CalciatoriHot,2018-02-27 23:39:38,Italia
menswear,CalciatoriHot,2018-02-27 23:39:38,Italia
MenFashion,CalciatoriHot,2018-02-27 23:39:38,Italia
uominibelli,CalciatoriHot,2018-02-27 23:39:38,Italia
Soccer,AdviceSoccer,2018-02-27 23:00:42,
SoccerTeam,AdviceSoccer,2018-02-27 23:00:42,
SoccerPlayer,AdviceSoccer,2018-02-27 23:00:42,
SoccerGame,AdviceSoccer,2018-02-27 23:00:42,
Sports,AdviceSoccer,2018-02-27 23:00:42,
TipTuesday,HSoccer_Academy,2018-02-27 22:26:40,"Johnstown, PA"
HighlanderSoccerAcademy,HSoccer_Academy,2018-02-27 22:26:40,"Johnstown, PA"
TipTuesday,SoccerCityPA,2018-02-27 22:20:38,"Johnstown, PA"
HighlanderSoccerAcademy,SoccerCityPA,2018-02-27 22:20:38,"Johnstown, PA"
moneyball,iamMoneyball,2018-02-27 19:12:21,Global 
moneyballtheonlywaytoball,iamMoneyball,2018-02-27 19:12:21,Global 
theonlywaytoball,iamMoneyball,2018-02-27 19:12:21,Global 
youseethelogo,iamMoneyball,2018-02-27 19:12:21,Global 
NicoloCorioni,philross92,2018-02-27 17:23:36,Torino
UsInveruno,philross92,2018-02-27 17:23:36,Torino
soccerplayer,philross92,2018-02-27 17:23:36,Torino
shirtless,philross92,2018-02-27 17:23:36,Torino
underwear,philross92,2018-02-27 17:23:36,Torino
nude,philross92,2018-02-27 17:23:36,Torino
naked,philross92,2018-02-27 17:23:36,Torino
ass,philross92,2018-02-27 17:23:36,Torino
penis,philross92,2018-02-27 17:23:36,Torino
FootballGuy,philross92,2018-02-27 17:23:36,Torino
dressingroom,philross92,2018-02-27 17:23:36,Torino
brazilian,adinursr27,2018-02-27 16:11:42,"Jakarta,Indonesia "
two,adinursr27,2018-02-27 16:11:42,"Jakarta,Indonesia "
legends,adinursr27,2018-02-27 16:11:42,"Jakarta,Indonesia "
legendsoccer,adinursr27,2018-02-27 16:11:42,"Jakarta,Indonesia "
ronaldinho,adinursr27,2018-02-27 16:11:42,"Jakarta,Indonesia "
ronaldo,adinursr27,2018-02-27 16:11:42,"Jakarta,Indonesia "
football,adinursr27,2018-02-27 16:11:42,"Jakarta,Indonesia "
soccerplayer,adinursr27,2018-02-27 16:11:42,"Jakarta,Indonesia "
elclasico,adinursr27,2018-02-27 16:11:42,"Jakarta,Indonesia "
pele,adinursr27,2018-02-27 13:51:35,"Jakarta,Indonesia "
soccerplayer,adinursr27,2018-02-27 13:51:35,"Jakarta,Indonesia "
soccerlegend,adinursr27,2018-02-27 13:51:35,"Jakarta,Indonesia "
worldcup,adinursr27,2018-02-27 13:51:35,"Jakarta,Indonesia "
worldstar,adinursr27,2018-02-27 13:51:35,"Jakarta,Indonesia "
superstar,adinursr27,2018-02-27 13:51:35,"Jakarta,Indonesia "
LucaCaboni,CalciatoriHot,2018-02-27 13:04:19,Italia
Sanremese,CalciatoriHot,2018-02-27 13:04:19,Italia
soccerplayer,CalciatoriHot,2018-02-27 13:04:19,Italia
shirtless,CalciatoriHot,2018-02-27 13:04:19,Italia
tattoos,CalciatoriHot,2018-02-27 13:04:19,Italia
chefaticalavitadabomber,CalciatoriHot,2018-02-27 13:04:19,Italia
NicoloCorioni,CalciatoriHot,2018-02-27 13:01:42,Italia
UsInveruno,CalciatoriHot,2018-02-27 13:01:42,Italia
soccerplayer,CalciatoriHot,2018-02-27 13:01:42,Italia
shirtless,CalciatoriHot,2018-02-27 13:01:42,Italia
underwear,CalciatoriHot,2018-02-27 13:01:42,Italia
nude,CalciatoriHot,2018-02-27 13:01:42,Italia
naked,CalciatoriHot,2018-02-27 13:01:42,Italia
ass,CalciatoriHot,2018-02-27 13:01:42,Italia
penis,CalciatoriHot,2018-02-27 13:01:42,Italia
FootballGuy,CalciatoriHot,2018-02-27 13:01:42,Italia
dressingroom,CalciatoriHot,2018-02-27 13:01:42,Italia
BorjaIglesias,CalciatoriHot,2018-02-27 12:58:51,Italia
RealZaragoza,CalciatoriHot,2018-02-27 12:58:51,Italia
shirtless,CalciatoriHot,2018-02-27 12:58:51,Italia
underwear,CalciatoriHot,2018-02-27 12:58:51,Italia
hotpictures,CalciatoriHot,2018-02-27 12:58:51,Italia
nakedguys,CalciatoriHot,2018-02-27 12:58:51,Italia
soccerplayer,CalciatoriHot,2018-02-27 12:58:51,Italia
spogliatoio,CalciatoriHot,2018-02-27 12:58:51,Italia
aftermatch,CalciatoriHot,2018-02-27 12:58:51,Italia
VigorCarpaneto,CalciatoriHot,2018-02-27 12:53:47,Italia
soccerplayer,CalciatoriHot,2018-02-27 12:53:47,Italia
shirtless,CalciatoriHot,2018-02-27 12:53:47,Italia
underwear,CalciatoriHot,2018-02-27 12:53:47,Italia
hotpictures,CalciatoriHot,2018-02-27 12:53:47,Italia
chefaticalavitadabomber,CalciatoriHot,2018-02-27 12:53:47,Italia
spogliatoio,CalciatoriHot,2018-02-27 12:53:47,Italia
legend,adinursr27,2018-02-27 12:53:42,"Jakarta,Indonesia "
soccer,adinursr27,2018-02-27 12:53:42,"Jakarta,Indonesia "
soccerplayer,adinursr27,2018-02-27 12:53:42,"Jakarta,Indonesia "
zidane,adinursr27,2018-02-27 12:53:42,"Jakarta,Indonesia "
henry,adinursr27,2018-02-27 12:53:42,"Jakarta,Indonesia "
juventus,adinursr27,2018-02-27 12:53:42,"Jakarta,Indonesia "
Minhyuk,mxntube,2018-02-27 10:22:48,turkey/istanbul
